"rep","group","store","mix","feed","total"
"Acetic acid","Acid",0.0101751879194618,0.00160020875926999,0.0160020875926999,0.0275730314702924
"Acetaldehyde","Aldehyde",0.367675849327749,0.0581466373164467,0.581466373164467,0.750739524657651
"Propyl acetate","Ester",0.627080972380344,0.0881765945090568,0.881765945090568,0.95979612970222
"Ethanol","Alcohol",0.0874806054230447,0.013913538980953,0.13913538980953,0.225374206294649
