"rep","group","store","mix","feed","total"
"Acetic acid","Acid",0.0133129001542526,0.0023017810883986,0.023017810883986,0.0382431383085406
"Acetaldehyde","Aldehyde",0.374119089476883,0.0829887167100437,0.829887167100436,0.902365465021032
"Propyl acetate","Ester",1,0.1,1,1
"Ethanol","Alcohol",0.0933073758214105,0.0211953404224898,0.211953404224898,0.300628374719862
