"rep","group","store","mix","feed","total"
"Acetic acid","Acid",0.0101870243126064,0.00160208136278384,0.0160208136278384,0.0276049892633271
"Acetaldehyde","Aldehyde",0.367955428138116,0.0581884987287659,0.581884987287659,0.751109994659398
"Propyl acetate","Ester",0.627496505246365,0.0882084188425306,0.882084188425306,0.95995041926882
"Ethanol","Alcohol",0.087557387473314,0.0139257881952661,0.139257881952661,0.225559217810809
